--
-- PostgreSQL database dump
--

-- Dumped from database version 15.2
-- Dumped by pg_dump version 15.2

SET statement_timeout = 0;
SET lock_timeout = 0;
SET idle_in_transaction_session_timeout = 0;
SET client_encoding = 'UTF8';
SET standard_conforming_strings = on;
SELECT pg_catalog.set_config('search_path', '', false);
SET check_function_bodies = false;
SET xmloption = content;
SET client_min_messages = warning;
SET row_security = off;

--
-- Name: construction; Type: DATABASE; Schema: -; Owner: postgres
--

CREATE DATABASE construction WITH TEMPLATE = template0 ENCODING = 'UTF8' LOCALE_PROVIDER = libc LOCALE = 'English_United States.1252';


ALTER DATABASE construction OWNER TO postgres;

\connect construction

SET statement_timeout = 0;
SET lock_timeout = 0;
SET idle_in_transaction_session_timeout = 0;
SET client_encoding = 'UTF8';
SET standard_conforming_strings = on;
SELECT pg_catalog.set_config('search_path', '', false);
SET check_function_bodies = false;
SET xmloption = content;
SET client_min_messages = warning;
SET row_security = off;

SET default_tablespace = '';

SET default_table_access_method = heap;

--
-- Name: AppConstruction_admin; Type: TABLE; Schema: public; Owner: postgres
--

CREATE TABLE public."AppConstruction_admin" (
    id bigint NOT NULL,
    email character varying(254) NOT NULL,
    password character varying(200) NOT NULL
);


ALTER TABLE public."AppConstruction_admin" OWNER TO postgres;

--
-- Name: AppConstruction_admin_id_seq; Type: SEQUENCE; Schema: public; Owner: postgres
--

ALTER TABLE public."AppConstruction_admin" ALTER COLUMN id ADD GENERATED BY DEFAULT AS IDENTITY (
    SEQUENCE NAME public."AppConstruction_admin_id_seq"
    START WITH 1
    INCREMENT BY 1
    NO MINVALUE
    NO MAXVALUE
    CACHE 1
);


--
-- Name: AppConstruction_client; Type: TABLE; Schema: public; Owner: postgres
--

CREATE TABLE public."AppConstruction_client" (
    id bigint NOT NULL,
    numero character varying(13) NOT NULL
);


ALTER TABLE public."AppConstruction_client" OWNER TO postgres;

--
-- Name: AppConstruction_client_id_seq; Type: SEQUENCE; Schema: public; Owner: postgres
--

ALTER TABLE public."AppConstruction_client" ALTER COLUMN id ADD GENERATED BY DEFAULT AS IDENTITY (
    SEQUENCE NAME public."AppConstruction_client_id_seq"
    START WITH 1
    INCREMENT BY 1
    NO MINVALUE
    NO MAXVALUE
    CACHE 1
);


--
-- Name: AppConstruction_detaildevis; Type: TABLE; Schema: public; Owner: postgres
--

CREATE TABLE public."AppConstruction_detaildevis" (
    id bigint NOT NULL,
    designation character varying(200),
    unite character varying(5),
    prix_unitaire double precision,
    prix_total double precision,
    devis_id bigint,
    travaux_id bigint,
    quantite double precision
);


ALTER TABLE public."AppConstruction_detaildevis" OWNER TO postgres;

--
-- Name: AppConstruction_detaildevis_id_seq; Type: SEQUENCE; Schema: public; Owner: postgres
--

ALTER TABLE public."AppConstruction_detaildevis" ALTER COLUMN id ADD GENERATED BY DEFAULT AS IDENTITY (
    SEQUENCE NAME public."AppConstruction_detaildevis_id_seq"
    START WITH 1
    INCREMENT BY 1
    NO MINVALUE
    NO MAXVALUE
    CACHE 1
);


--
-- Name: AppConstruction_devis; Type: TABLE; Schema: public; Owner: postgres
--

CREATE TABLE public."AppConstruction_devis" (
    id bigint NOT NULL,
    valeur_finition double precision,
    prix_total double precision,
    date_devis date,
    date_debut_construction date,
    date_fin_construction date,
    client_id bigint,
    finition_id bigint,
    maison_id bigint
);


ALTER TABLE public."AppConstruction_devis" OWNER TO postgres;

--
-- Name: AppConstruction_devis_id_seq; Type: SEQUENCE; Schema: public; Owner: postgres
--

ALTER TABLE public."AppConstruction_devis" ALTER COLUMN id ADD GENERATED BY DEFAULT AS IDENTITY (
    SEQUENCE NAME public."AppConstruction_devis_id_seq"
    START WITH 1
    INCREMENT BY 1
    NO MINVALUE
    NO MAXVALUE
    CACHE 1
);


--
-- Name: AppConstruction_finition; Type: TABLE; Schema: public; Owner: postgres
--

CREATE TABLE public."AppConstruction_finition" (
    id bigint NOT NULL,
    designation character varying(200),
    pourcentage double precision NOT NULL
);


ALTER TABLE public."AppConstruction_finition" OWNER TO postgres;

--
-- Name: AppConstruction_finition_id_seq; Type: SEQUENCE; Schema: public; Owner: postgres
--

ALTER TABLE public."AppConstruction_finition" ALTER COLUMN id ADD GENERATED BY DEFAULT AS IDENTITY (
    SEQUENCE NAME public."AppConstruction_finition_id_seq"
    START WITH 1
    INCREMENT BY 1
    NO MINVALUE
    NO MAXVALUE
    CACHE 1
);


--
-- Name: AppConstruction_maison; Type: TABLE; Schema: public; Owner: postgres
--

CREATE TABLE public."AppConstruction_maison" (
    id bigint NOT NULL,
    designation character varying(200),
    description character varying(500),
    duree double precision,
    prix double precision
);


ALTER TABLE public."AppConstruction_maison" OWNER TO postgres;

--
-- Name: AppConstruction_maisontravaux; Type: TABLE; Schema: public; Owner: postgres
--

CREATE TABLE public."AppConstruction_maisontravaux" (
    id bigint NOT NULL,
    quantite double precision,
    maison_id bigint,
    travaux_id bigint
);


ALTER TABLE public."AppConstruction_maisontravaux" OWNER TO postgres;

--
-- Name: AppConstruction_maisontravaux_id_seq; Type: SEQUENCE; Schema: public; Owner: postgres
--

ALTER TABLE public."AppConstruction_maisontravaux" ALTER COLUMN id ADD GENERATED BY DEFAULT AS IDENTITY (
    SEQUENCE NAME public."AppConstruction_maisontravaux_id_seq"
    START WITH 1
    INCREMENT BY 1
    NO MINVALUE
    NO MAXVALUE
    CACHE 1
);


--
-- Name: AppConstruction_paiement; Type: TABLE; Schema: public; Owner: postgres
--

CREATE TABLE public."AppConstruction_paiement" (
    id bigint NOT NULL,
    date date NOT NULL,
    montant double precision NOT NULL,
    devis_id bigint
);


ALTER TABLE public."AppConstruction_paiement" OWNER TO postgres;

--
-- Name: AppConstruction_paiement_id_seq; Type: SEQUENCE; Schema: public; Owner: postgres
--

ALTER TABLE public."AppConstruction_paiement" ALTER COLUMN id ADD GENERATED BY DEFAULT AS IDENTITY (
    SEQUENCE NAME public."AppConstruction_paiement_id_seq"
    START WITH 1
    INCREMENT BY 1
    NO MINVALUE
    NO MAXVALUE
    CACHE 1
);


--
-- Name: AppConstruction_travaux; Type: TABLE; Schema: public; Owner: postgres
--

CREATE TABLE public."AppConstruction_travaux" (
    id bigint NOT NULL,
    designation character varying(200),
    unite character varying(5),
    prix_unitaire double precision
);


ALTER TABLE public."AppConstruction_travaux" OWNER TO postgres;

--
-- Name: AppConstruction_typemaison_id_seq; Type: SEQUENCE; Schema: public; Owner: postgres
--

ALTER TABLE public."AppConstruction_maison" ALTER COLUMN id ADD GENERATED BY DEFAULT AS IDENTITY (
    SEQUENCE NAME public."AppConstruction_typemaison_id_seq"
    START WITH 1
    INCREMENT BY 1
    NO MINVALUE
    NO MAXVALUE
    CACHE 1
);


--
-- Name: AppConstruction_typetravaux_id_seq; Type: SEQUENCE; Schema: public; Owner: postgres
--

ALTER TABLE public."AppConstruction_travaux" ALTER COLUMN id ADD GENERATED BY DEFAULT AS IDENTITY (
    SEQUENCE NAME public."AppConstruction_typetravaux_id_seq"
    START WITH 1
    INCREMENT BY 1
    NO MINVALUE
    NO MAXVALUE
    CACHE 1
);


--
-- Name: auth_group; Type: TABLE; Schema: public; Owner: postgres
--

CREATE TABLE public.auth_group (
    id integer NOT NULL,
    name character varying(150) NOT NULL
);


ALTER TABLE public.auth_group OWNER TO postgres;

--
-- Name: auth_group_id_seq; Type: SEQUENCE; Schema: public; Owner: postgres
--

ALTER TABLE public.auth_group ALTER COLUMN id ADD GENERATED BY DEFAULT AS IDENTITY (
    SEQUENCE NAME public.auth_group_id_seq
    START WITH 1
    INCREMENT BY 1
    NO MINVALUE
    NO MAXVALUE
    CACHE 1
);


--
-- Name: auth_group_permissions; Type: TABLE; Schema: public; Owner: postgres
--

CREATE TABLE public.auth_group_permissions (
    id bigint NOT NULL,
    group_id integer NOT NULL,
    permission_id integer NOT NULL
);


ALTER TABLE public.auth_group_permissions OWNER TO postgres;

--
-- Name: auth_group_permissions_id_seq; Type: SEQUENCE; Schema: public; Owner: postgres
--

ALTER TABLE public.auth_group_permissions ALTER COLUMN id ADD GENERATED BY DEFAULT AS IDENTITY (
    SEQUENCE NAME public.auth_group_permissions_id_seq
    START WITH 1
    INCREMENT BY 1
    NO MINVALUE
    NO MAXVALUE
    CACHE 1
);


--
-- Name: auth_permission; Type: TABLE; Schema: public; Owner: postgres
--

CREATE TABLE public.auth_permission (
    id integer NOT NULL,
    name character varying(255) NOT NULL,
    content_type_id integer NOT NULL,
    codename character varying(100) NOT NULL
);


ALTER TABLE public.auth_permission OWNER TO postgres;

--
-- Name: auth_permission_id_seq; Type: SEQUENCE; Schema: public; Owner: postgres
--

ALTER TABLE public.auth_permission ALTER COLUMN id ADD GENERATED BY DEFAULT AS IDENTITY (
    SEQUENCE NAME public.auth_permission_id_seq
    START WITH 1
    INCREMENT BY 1
    NO MINVALUE
    NO MAXVALUE
    CACHE 1
);


--
-- Name: auth_user; Type: TABLE; Schema: public; Owner: postgres
--

CREATE TABLE public.auth_user (
    id integer NOT NULL,
    password character varying(128) NOT NULL,
    last_login timestamp with time zone,
    is_superuser boolean NOT NULL,
    username character varying(150) NOT NULL,
    first_name character varying(150) NOT NULL,
    last_name character varying(150) NOT NULL,
    email character varying(254) NOT NULL,
    is_staff boolean NOT NULL,
    is_active boolean NOT NULL,
    date_joined timestamp with time zone NOT NULL
);


ALTER TABLE public.auth_user OWNER TO postgres;

--
-- Name: auth_user_groups; Type: TABLE; Schema: public; Owner: postgres
--

CREATE TABLE public.auth_user_groups (
    id bigint NOT NULL,
    user_id integer NOT NULL,
    group_id integer NOT NULL
);


ALTER TABLE public.auth_user_groups OWNER TO postgres;

--
-- Name: auth_user_groups_id_seq; Type: SEQUENCE; Schema: public; Owner: postgres
--

ALTER TABLE public.auth_user_groups ALTER COLUMN id ADD GENERATED BY DEFAULT AS IDENTITY (
    SEQUENCE NAME public.auth_user_groups_id_seq
    START WITH 1
    INCREMENT BY 1
    NO MINVALUE
    NO MAXVALUE
    CACHE 1
);


--
-- Name: auth_user_id_seq; Type: SEQUENCE; Schema: public; Owner: postgres
--

ALTER TABLE public.auth_user ALTER COLUMN id ADD GENERATED BY DEFAULT AS IDENTITY (
    SEQUENCE NAME public.auth_user_id_seq
    START WITH 1
    INCREMENT BY 1
    NO MINVALUE
    NO MAXVALUE
    CACHE 1
);


--
-- Name: auth_user_user_permissions; Type: TABLE; Schema: public; Owner: postgres
--

CREATE TABLE public.auth_user_user_permissions (
    id bigint NOT NULL,
    user_id integer NOT NULL,
    permission_id integer NOT NULL
);


ALTER TABLE public.auth_user_user_permissions OWNER TO postgres;

--
-- Name: auth_user_user_permissions_id_seq; Type: SEQUENCE; Schema: public; Owner: postgres
--

ALTER TABLE public.auth_user_user_permissions ALTER COLUMN id ADD GENERATED BY DEFAULT AS IDENTITY (
    SEQUENCE NAME public.auth_user_user_permissions_id_seq
    START WITH 1
    INCREMENT BY 1
    NO MINVALUE
    NO MAXVALUE
    CACHE 1
);


--
-- Name: detail_devis_view; Type: VIEW; Schema: public; Owner: postgres
--

CREATE VIEW public.detail_devis_view AS
 SELECT mt.maison_id,
    mt.travaux_id,
    t.designation,
    t.unite,
    mt.quantite,
    t.prix_unitaire,
    (mt.quantite * t.prix_unitaire) AS prix_total
   FROM (public."AppConstruction_maisontravaux" mt
     JOIN public."AppConstruction_travaux" t ON ((mt.travaux_id = t.id)));


ALTER TABLE public.detail_devis_view OWNER TO postgres;

--
-- Name: total_paiement; Type: VIEW; Schema: public; Owner: postgres
--

CREATE VIEW public.total_paiement AS
 SELECT "AppConstruction_paiement".devis_id,
    sum("AppConstruction_paiement".montant) AS sum
   FROM public."AppConstruction_paiement"
  GROUP BY "AppConstruction_paiement".devis_id;


ALTER TABLE public.total_paiement OWNER TO postgres;

--
-- Name: devis_paiement; Type: VIEW; Schema: public; Owner: postgres
--

CREATE VIEW public.devis_paiement AS
 SELECT d.id,
    d.valeur_finition,
    d.prix_total,
    d.date_devis,
    d.date_debut_construction,
    d.date_fin_construction,
    d.client_id,
    d.finition_id,
    d.maison_id,
    COALESCE(tp.sum, (0)::double precision) AS paiement_total
   FROM (public."AppConstruction_devis" d
     LEFT JOIN public.total_paiement tp ON ((d.id = tp.devis_id)));


ALTER TABLE public.devis_paiement OWNER TO postgres;

--
-- Name: django_admin_log; Type: TABLE; Schema: public; Owner: postgres
--

CREATE TABLE public.django_admin_log (
    id integer NOT NULL,
    action_time timestamp with time zone NOT NULL,
    object_id text,
    object_repr character varying(200) NOT NULL,
    action_flag smallint NOT NULL,
    change_message text NOT NULL,
    content_type_id integer,
    user_id integer NOT NULL,
    CONSTRAINT django_admin_log_action_flag_check CHECK ((action_flag >= 0))
);


ALTER TABLE public.django_admin_log OWNER TO postgres;

--
-- Name: django_admin_log_id_seq; Type: SEQUENCE; Schema: public; Owner: postgres
--

ALTER TABLE public.django_admin_log ALTER COLUMN id ADD GENERATED BY DEFAULT AS IDENTITY (
    SEQUENCE NAME public.django_admin_log_id_seq
    START WITH 1
    INCREMENT BY 1
    NO MINVALUE
    NO MAXVALUE
    CACHE 1
);


--
-- Name: django_content_type; Type: TABLE; Schema: public; Owner: postgres
--

CREATE TABLE public.django_content_type (
    id integer NOT NULL,
    app_label character varying(100) NOT NULL,
    model character varying(100) NOT NULL
);


ALTER TABLE public.django_content_type OWNER TO postgres;

--
-- Name: django_content_type_id_seq; Type: SEQUENCE; Schema: public; Owner: postgres
--

ALTER TABLE public.django_content_type ALTER COLUMN id ADD GENERATED BY DEFAULT AS IDENTITY (
    SEQUENCE NAME public.django_content_type_id_seq
    START WITH 1
    INCREMENT BY 1
    NO MINVALUE
    NO MAXVALUE
    CACHE 1
);


--
-- Name: django_migrations; Type: TABLE; Schema: public; Owner: postgres
--

CREATE TABLE public.django_migrations (
    id bigint NOT NULL,
    app character varying(255) NOT NULL,
    name character varying(255) NOT NULL,
    applied timestamp with time zone NOT NULL
);


ALTER TABLE public.django_migrations OWNER TO postgres;

--
-- Name: django_migrations_id_seq; Type: SEQUENCE; Schema: public; Owner: postgres
--

ALTER TABLE public.django_migrations ALTER COLUMN id ADD GENERATED BY DEFAULT AS IDENTITY (
    SEQUENCE NAME public.django_migrations_id_seq
    START WITH 1
    INCREMENT BY 1
    NO MINVALUE
    NO MAXVALUE
    CACHE 1
);


--
-- Name: django_session; Type: TABLE; Schema: public; Owner: postgres
--

CREATE TABLE public.django_session (
    session_key character varying(40) NOT NULL,
    session_data text NOT NULL,
    expire_date timestamp with time zone NOT NULL
);


ALTER TABLE public.django_session OWNER TO postgres;

--
-- Name: montant_total_devis; Type: VIEW; Schema: public; Owner: postgres
--

CREATE VIEW public.montant_total_devis AS
 SELECT sum("AppConstruction_devis".prix_total) AS somme
   FROM public."AppConstruction_devis";


ALTER TABLE public.montant_total_devis OWNER TO postgres;

--
-- Name: prix_maison; Type: VIEW; Schema: public; Owner: postgres
--

CREATE VIEW public.prix_maison AS
 SELECT mt.maison_id,
    sum((t.prix_unitaire * mt.quantite)) AS somme
   FROM (public."AppConstruction_maisontravaux" mt
     JOIN public."AppConstruction_travaux" t ON ((mt.travaux_id = t.id)))
  GROUP BY mt.maison_id;


ALTER TABLE public.prix_maison OWNER TO postgres;

--
-- Data for Name: AppConstruction_admin; Type: TABLE DATA; Schema: public; Owner: postgres
--

COPY public."AppConstruction_admin" (id, email, password) FROM stdin;
1	admin@gmail.com	admin
\.


--
-- Data for Name: AppConstruction_client; Type: TABLE DATA; Schema: public; Owner: postgres
--

COPY public."AppConstruction_client" (id, numero) FROM stdin;
1	0346023482
2	+261306045623
3	+26130604562
\.


--
-- Data for Name: AppConstruction_detaildevis; Type: TABLE DATA; Schema: public; Owner: postgres
--

COPY public."AppConstruction_detaildevis" (id, designation, unite, prix_unitaire, prix_total, devis_id, travaux_id, quantite) FROM stdin;
1	décapage des terrains meubles	m2	200	6000	14	1	30
2	dressage de platforme	m2	300	3000	14	2	10
3	décapage des terrains meubles	m2	200	6000	15	1	30
4	dressage de platforme	m2	300	3000	15	2	10
5	dressage de platforme	m2	300	15000	16	2	50
6	dressage de platforme	m2	300	1500	16	2	5
\.


--
-- Data for Name: AppConstruction_devis; Type: TABLE DATA; Schema: public; Owner: postgres
--

COPY public."AppConstruction_devis" (id, valeur_finition, prix_total, date_devis, date_debut_construction, date_fin_construction, client_id, finition_id, maison_id) FROM stdin;
8	0	12000	2024-01-01	2025-01-01	2026-01-01	1	1	2
9	5	12600	2024-01-01	2025-01-01	2026-01-01	1	2	2
10	10	13200	2024-01-01	2025-01-01	2026-01-01	1	3	2
11	10	13200	2024-01-01	2025-01-01	2026-01-01	1	3	2
12	10	13200	2024-01-01	2025-01-01	2026-01-01	1	3	2
13	10	13200	2024-01-01	2025-01-01	2026-01-01	1	3	2
14	10	13200	2024-01-01	2025-01-01	2026-01-01	1	3	2
15	0	12000	2024-01-01	2025-01-01	2026-01-01	3	1	2
16	10	18150	2024-01-01	2025-01-01	2026-01-01	3	3	3
\.


--
-- Data for Name: AppConstruction_finition; Type: TABLE DATA; Schema: public; Owner: postgres
--

COPY public."AppConstruction_finition" (id, designation, pourcentage) FROM stdin;
1	standard	0
2	gold	5
3	premium	10
4	vip	15
\.


--
-- Data for Name: AppConstruction_maison; Type: TABLE DATA; Schema: public; Owner: postgres
--

COPY public."AppConstruction_maison" (id, designation, description, duree, prix) FROM stdin;
2	cabane	description de cabane	20	0
3	villa	description de villa	300	0
\.


--
-- Data for Name: AppConstruction_maisontravaux; Type: TABLE DATA; Schema: public; Owner: postgres
--

COPY public."AppConstruction_maisontravaux" (id, quantite, maison_id, travaux_id) FROM stdin;
1	30	2	1
2	10	2	2
3	5	3	2
4	50	3	2
\.


--
-- Data for Name: AppConstruction_paiement; Type: TABLE DATA; Schema: public; Owner: postgres
--

COPY public."AppConstruction_paiement" (id, date, montant, devis_id) FROM stdin;
1	2025-01-02	2000	15
\.


--
-- Data for Name: AppConstruction_travaux; Type: TABLE DATA; Schema: public; Owner: postgres
--

COPY public."AppConstruction_travaux" (id, designation, unite, prix_unitaire) FROM stdin;
1	décapage des terrains meubles	m2	200
2	dressage de platforme	m2	300
\.


--
-- Data for Name: auth_group; Type: TABLE DATA; Schema: public; Owner: postgres
--

COPY public.auth_group (id, name) FROM stdin;
\.


--
-- Data for Name: auth_group_permissions; Type: TABLE DATA; Schema: public; Owner: postgres
--

COPY public.auth_group_permissions (id, group_id, permission_id) FROM stdin;
\.


--
-- Data for Name: auth_permission; Type: TABLE DATA; Schema: public; Owner: postgres
--

COPY public.auth_permission (id, name, content_type_id, codename) FROM stdin;
1	Can add log entry	1	add_logentry
2	Can change log entry	1	change_logentry
3	Can delete log entry	1	delete_logentry
4	Can view log entry	1	view_logentry
5	Can add permission	2	add_permission
6	Can change permission	2	change_permission
7	Can delete permission	2	delete_permission
8	Can view permission	2	view_permission
9	Can add group	3	add_group
10	Can change group	3	change_group
11	Can delete group	3	delete_group
12	Can view group	3	view_group
13	Can add user	4	add_user
14	Can change user	4	change_user
15	Can delete user	4	delete_user
16	Can view user	4	view_user
17	Can add content type	5	add_contenttype
18	Can change content type	5	change_contenttype
19	Can delete content type	5	delete_contenttype
20	Can view content type	5	view_contenttype
21	Can add session	6	add_session
22	Can change session	6	change_session
23	Can delete session	6	delete_session
24	Can view session	6	view_session
25	Can add client	7	add_client
26	Can change client	7	change_client
27	Can delete client	7	delete_client
28	Can view client	7	view_client
29	Can add admin	8	add_admin
30	Can change admin	8	change_admin
31	Can delete admin	8	delete_admin
32	Can view admin	8	view_admin
33	Can add type travaux	9	add_typetravaux
34	Can change type travaux	9	change_typetravaux
35	Can delete type travaux	9	delete_typetravaux
36	Can view type travaux	9	view_typetravaux
37	Can add travaux	9	add_travaux
38	Can change travaux	9	change_travaux
39	Can delete travaux	9	delete_travaux
40	Can view travaux	9	view_travaux
41	Can add maison	10	add_maison
42	Can change maison	10	change_maison
43	Can delete maison	10	delete_maison
44	Can view maison	10	view_maison
45	Can add maison travaux	11	add_maisontravaux
46	Can change maison travaux	11	change_maisontravaux
47	Can delete maison travaux	11	delete_maisontravaux
48	Can view maison travaux	11	view_maisontravaux
49	Can add finition	12	add_finition
50	Can change finition	12	change_finition
51	Can delete finition	12	delete_finition
52	Can view finition	12	view_finition
53	Can add devis	13	add_devis
54	Can change devis	13	change_devis
55	Can delete devis	13	delete_devis
56	Can view devis	13	view_devis
57	Can add prix maison	14	add_prixmaison
58	Can change prix maison	14	change_prixmaison
59	Can delete prix maison	14	delete_prixmaison
60	Can view prix maison	14	view_prixmaison
61	Can add detail devis	15	add_detaildevis
62	Can change detail devis	15	change_detaildevis
63	Can delete detail devis	15	delete_detaildevis
64	Can view detail devis	15	view_detaildevis
65	Can add detail devis view	16	add_detaildevisview
66	Can change detail devis view	16	change_detaildevisview
67	Can delete detail devis view	16	delete_detaildevisview
68	Can view detail devis view	16	view_detaildevisview
69	Can add paiement	17	add_paiement
70	Can change paiement	17	change_paiement
71	Can delete paiement	17	delete_paiement
72	Can view paiement	17	view_paiement
\.


--
-- Data for Name: auth_user; Type: TABLE DATA; Schema: public; Owner: postgres
--

COPY public.auth_user (id, password, last_login, is_superuser, username, first_name, last_name, email, is_staff, is_active, date_joined) FROM stdin;
\.


--
-- Data for Name: auth_user_groups; Type: TABLE DATA; Schema: public; Owner: postgres
--

COPY public.auth_user_groups (id, user_id, group_id) FROM stdin;
\.


--
-- Data for Name: auth_user_user_permissions; Type: TABLE DATA; Schema: public; Owner: postgres
--

COPY public.auth_user_user_permissions (id, user_id, permission_id) FROM stdin;
\.


--
-- Data for Name: django_admin_log; Type: TABLE DATA; Schema: public; Owner: postgres
--

COPY public.django_admin_log (id, action_time, object_id, object_repr, action_flag, change_message, content_type_id, user_id) FROM stdin;
\.


--
-- Data for Name: django_content_type; Type: TABLE DATA; Schema: public; Owner: postgres
--

COPY public.django_content_type (id, app_label, model) FROM stdin;
1	admin	logentry
2	auth	permission
3	auth	group
4	auth	user
5	contenttypes	contenttype
6	sessions	session
7	AppConstruction	client
8	AppConstruction	admin
9	AppConstruction	travaux
10	AppConstruction	maison
11	AppConstruction	maisontravaux
12	AppConstruction	finition
13	AppConstruction	devis
14	AppConstruction	prixmaison
15	AppConstruction	detaildevis
16	AppConstruction	detaildevisview
17	AppConstruction	paiement
\.


--
-- Data for Name: django_migrations; Type: TABLE DATA; Schema: public; Owner: postgres
--

COPY public.django_migrations (id, app, name, applied) FROM stdin;
1	AppConstruction	0001_initial	2024-05-13 11:37:26.521045+03
2	contenttypes	0001_initial	2024-05-13 11:37:26.551634+03
3	auth	0001_initial	2024-05-13 11:37:26.629661+03
4	admin	0001_initial	2024-05-13 11:37:26.651608+03
5	admin	0002_logentry_remove_auto_add	2024-05-13 11:37:26.659612+03
6	admin	0003_logentry_add_action_flag_choices	2024-05-13 11:37:26.666637+03
7	contenttypes	0002_remove_content_type_name	2024-05-13 11:37:26.680612+03
8	auth	0002_alter_permission_name_max_length	2024-05-13 11:37:26.689612+03
9	auth	0003_alter_user_email_max_length	2024-05-13 11:37:26.701611+03
10	auth	0004_alter_user_username_opts	2024-05-13 11:37:26.710612+03
11	auth	0005_alter_user_last_login_null	2024-05-13 11:37:26.722651+03
12	auth	0006_require_contenttypes_0002	2024-05-13 11:37:26.725676+03
13	auth	0007_alter_validators_add_error_messages	2024-05-13 11:37:26.735615+03
14	auth	0008_alter_user_username_max_length	2024-05-13 11:37:26.754609+03
15	auth	0009_alter_user_last_name_max_length	2024-05-13 11:37:26.766658+03
16	auth	0010_alter_group_name_max_length	2024-05-13 11:37:26.778656+03
17	auth	0011_update_proxy_permissions	2024-05-13 11:37:26.789656+03
18	auth	0012_alter_user_first_name_max_length	2024-05-13 11:37:26.799655+03
19	sessions	0001_initial	2024-05-13 11:37:26.815649+03
20	AppConstruction	0002_admin	2024-05-13 15:01:40.71309+03
21	AppConstruction	0003_typetravaux	2024-05-13 15:29:57.19275+03
22	AppConstruction	0004_typemaison_rename_typetravaux_travaux	2024-05-13 15:35:32.721432+03
23	AppConstruction	0005_rename_typemaison_maison	2024-05-13 15:35:32.736433+03
24	AppConstruction	0006_maisontravaux	2024-05-13 15:42:14.607256+03
25	AppConstruction	0007_finition_alter_maison_description_and_more	2024-05-13 16:19:42.06205+03
26	AppConstruction	0008_prixmaison	2024-05-13 19:14:29.245081+03
27	AppConstruction	0009_detaildevis	2024-05-13 21:42:21.670062+03
28	AppConstruction	0010_detaildevisview_detaildevis_quantite	2024-05-13 22:18:28.073769+03
29	AppConstruction	0011_paiement	2024-05-13 23:29:46.100663+03
\.


--
-- Data for Name: django_session; Type: TABLE DATA; Schema: public; Owner: postgres
--

COPY public.django_session (session_key, session_data, expire_date) FROM stdin;
oqbkkmwyg60tr0h867h0g99jdymymuif	eyJjbGllbnRfaWQiOjMsImFkbWluX2lkIjoxfQ:1s6ddN:aQGxl6zPXZIOdfIY_MVgf5t0NtBSs7GErVkrxBKEgRw	2024-05-28 00:55:01.151224+03
\.


--
-- Name: AppConstruction_admin_id_seq; Type: SEQUENCE SET; Schema: public; Owner: postgres
--

SELECT pg_catalog.setval('public."AppConstruction_admin_id_seq"', 1, true);


--
-- Name: AppConstruction_client_id_seq; Type: SEQUENCE SET; Schema: public; Owner: postgres
--

SELECT pg_catalog.setval('public."AppConstruction_client_id_seq"', 3, true);


--
-- Name: AppConstruction_detaildevis_id_seq; Type: SEQUENCE SET; Schema: public; Owner: postgres
--

SELECT pg_catalog.setval('public."AppConstruction_detaildevis_id_seq"', 6, true);


--
-- Name: AppConstruction_devis_id_seq; Type: SEQUENCE SET; Schema: public; Owner: postgres
--

SELECT pg_catalog.setval('public."AppConstruction_devis_id_seq"', 16, true);


--
-- Name: AppConstruction_finition_id_seq; Type: SEQUENCE SET; Schema: public; Owner: postgres
--

SELECT pg_catalog.setval('public."AppConstruction_finition_id_seq"', 4, true);


--
-- Name: AppConstruction_maisontravaux_id_seq; Type: SEQUENCE SET; Schema: public; Owner: postgres
--

SELECT pg_catalog.setval('public."AppConstruction_maisontravaux_id_seq"', 4, true);


--
-- Name: AppConstruction_paiement_id_seq; Type: SEQUENCE SET; Schema: public; Owner: postgres
--

SELECT pg_catalog.setval('public."AppConstruction_paiement_id_seq"', 1, true);


--
-- Name: AppConstruction_typemaison_id_seq; Type: SEQUENCE SET; Schema: public; Owner: postgres
--

SELECT pg_catalog.setval('public."AppConstruction_typemaison_id_seq"', 3, true);


--
-- Name: AppConstruction_typetravaux_id_seq; Type: SEQUENCE SET; Schema: public; Owner: postgres
--

SELECT pg_catalog.setval('public."AppConstruction_typetravaux_id_seq"', 2, true);


--
-- Name: auth_group_id_seq; Type: SEQUENCE SET; Schema: public; Owner: postgres
--

SELECT pg_catalog.setval('public.auth_group_id_seq', 1, false);


--
-- Name: auth_group_permissions_id_seq; Type: SEQUENCE SET; Schema: public; Owner: postgres
--

SELECT pg_catalog.setval('public.auth_group_permissions_id_seq', 1, false);


--
-- Name: auth_permission_id_seq; Type: SEQUENCE SET; Schema: public; Owner: postgres
--

SELECT pg_catalog.setval('public.auth_permission_id_seq', 72, true);


--
-- Name: auth_user_groups_id_seq; Type: SEQUENCE SET; Schema: public; Owner: postgres
--

SELECT pg_catalog.setval('public.auth_user_groups_id_seq', 1, false);


--
-- Name: auth_user_id_seq; Type: SEQUENCE SET; Schema: public; Owner: postgres
--

SELECT pg_catalog.setval('public.auth_user_id_seq', 1, false);


--
-- Name: auth_user_user_permissions_id_seq; Type: SEQUENCE SET; Schema: public; Owner: postgres
--

SELECT pg_catalog.setval('public.auth_user_user_permissions_id_seq', 1, false);


--
-- Name: django_admin_log_id_seq; Type: SEQUENCE SET; Schema: public; Owner: postgres
--

SELECT pg_catalog.setval('public.django_admin_log_id_seq', 1, false);


--
-- Name: django_content_type_id_seq; Type: SEQUENCE SET; Schema: public; Owner: postgres
--

SELECT pg_catalog.setval('public.django_content_type_id_seq', 17, true);


--
-- Name: django_migrations_id_seq; Type: SEQUENCE SET; Schema: public; Owner: postgres
--

SELECT pg_catalog.setval('public.django_migrations_id_seq', 29, true);


--
-- Name: AppConstruction_admin AppConstruction_admin_pkey; Type: CONSTRAINT; Schema: public; Owner: postgres
--

ALTER TABLE ONLY public."AppConstruction_admin"
    ADD CONSTRAINT "AppConstruction_admin_pkey" PRIMARY KEY (id);


--
-- Name: AppConstruction_client AppConstruction_client_pkey; Type: CONSTRAINT; Schema: public; Owner: postgres
--

ALTER TABLE ONLY public."AppConstruction_client"
    ADD CONSTRAINT "AppConstruction_client_pkey" PRIMARY KEY (id);


--
-- Name: AppConstruction_detaildevis AppConstruction_detaildevis_pkey; Type: CONSTRAINT; Schema: public; Owner: postgres
--

ALTER TABLE ONLY public."AppConstruction_detaildevis"
    ADD CONSTRAINT "AppConstruction_detaildevis_pkey" PRIMARY KEY (id);


--
-- Name: AppConstruction_devis AppConstruction_devis_pkey; Type: CONSTRAINT; Schema: public; Owner: postgres
--

ALTER TABLE ONLY public."AppConstruction_devis"
    ADD CONSTRAINT "AppConstruction_devis_pkey" PRIMARY KEY (id);


--
-- Name: AppConstruction_finition AppConstruction_finition_pkey; Type: CONSTRAINT; Schema: public; Owner: postgres
--

ALTER TABLE ONLY public."AppConstruction_finition"
    ADD CONSTRAINT "AppConstruction_finition_pkey" PRIMARY KEY (id);


--
-- Name: AppConstruction_maisontravaux AppConstruction_maisontravaux_pkey; Type: CONSTRAINT; Schema: public; Owner: postgres
--

ALTER TABLE ONLY public."AppConstruction_maisontravaux"
    ADD CONSTRAINT "AppConstruction_maisontravaux_pkey" PRIMARY KEY (id);


--
-- Name: AppConstruction_paiement AppConstruction_paiement_pkey; Type: CONSTRAINT; Schema: public; Owner: postgres
--

ALTER TABLE ONLY public."AppConstruction_paiement"
    ADD CONSTRAINT "AppConstruction_paiement_pkey" PRIMARY KEY (id);


--
-- Name: AppConstruction_maison AppConstruction_typemaison_pkey; Type: CONSTRAINT; Schema: public; Owner: postgres
--

ALTER TABLE ONLY public."AppConstruction_maison"
    ADD CONSTRAINT "AppConstruction_typemaison_pkey" PRIMARY KEY (id);


--
-- Name: AppConstruction_travaux AppConstruction_typetravaux_pkey; Type: CONSTRAINT; Schema: public; Owner: postgres
--

ALTER TABLE ONLY public."AppConstruction_travaux"
    ADD CONSTRAINT "AppConstruction_typetravaux_pkey" PRIMARY KEY (id);


--
-- Name: auth_group auth_group_name_key; Type: CONSTRAINT; Schema: public; Owner: postgres
--

ALTER TABLE ONLY public.auth_group
    ADD CONSTRAINT auth_group_name_key UNIQUE (name);


--
-- Name: auth_group_permissions auth_group_permissions_group_id_permission_id_0cd325b0_uniq; Type: CONSTRAINT; Schema: public; Owner: postgres
--

ALTER TABLE ONLY public.auth_group_permissions
    ADD CONSTRAINT auth_group_permissions_group_id_permission_id_0cd325b0_uniq UNIQUE (group_id, permission_id);


--
-- Name: auth_group_permissions auth_group_permissions_pkey; Type: CONSTRAINT; Schema: public; Owner: postgres
--

ALTER TABLE ONLY public.auth_group_permissions
    ADD CONSTRAINT auth_group_permissions_pkey PRIMARY KEY (id);


--
-- Name: auth_group auth_group_pkey; Type: CONSTRAINT; Schema: public; Owner: postgres
--

ALTER TABLE ONLY public.auth_group
    ADD CONSTRAINT auth_group_pkey PRIMARY KEY (id);


--
-- Name: auth_permission auth_permission_content_type_id_codename_01ab375a_uniq; Type: CONSTRAINT; Schema: public; Owner: postgres
--

ALTER TABLE ONLY public.auth_permission
    ADD CONSTRAINT auth_permission_content_type_id_codename_01ab375a_uniq UNIQUE (content_type_id, codename);


--
-- Name: auth_permission auth_permission_pkey; Type: CONSTRAINT; Schema: public; Owner: postgres
--

ALTER TABLE ONLY public.auth_permission
    ADD CONSTRAINT auth_permission_pkey PRIMARY KEY (id);


--
-- Name: auth_user_groups auth_user_groups_pkey; Type: CONSTRAINT; Schema: public; Owner: postgres
--

ALTER TABLE ONLY public.auth_user_groups
    ADD CONSTRAINT auth_user_groups_pkey PRIMARY KEY (id);


--
-- Name: auth_user_groups auth_user_groups_user_id_group_id_94350c0c_uniq; Type: CONSTRAINT; Schema: public; Owner: postgres
--

ALTER TABLE ONLY public.auth_user_groups
    ADD CONSTRAINT auth_user_groups_user_id_group_id_94350c0c_uniq UNIQUE (user_id, group_id);


--
-- Name: auth_user auth_user_pkey; Type: CONSTRAINT; Schema: public; Owner: postgres
--

ALTER TABLE ONLY public.auth_user
    ADD CONSTRAINT auth_user_pkey PRIMARY KEY (id);


--
-- Name: auth_user_user_permissions auth_user_user_permissions_pkey; Type: CONSTRAINT; Schema: public; Owner: postgres
--

ALTER TABLE ONLY public.auth_user_user_permissions
    ADD CONSTRAINT auth_user_user_permissions_pkey PRIMARY KEY (id);


--
-- Name: auth_user_user_permissions auth_user_user_permissions_user_id_permission_id_14a6b632_uniq; Type: CONSTRAINT; Schema: public; Owner: postgres
--

ALTER TABLE ONLY public.auth_user_user_permissions
    ADD CONSTRAINT auth_user_user_permissions_user_id_permission_id_14a6b632_uniq UNIQUE (user_id, permission_id);


--
-- Name: auth_user auth_user_username_key; Type: CONSTRAINT; Schema: public; Owner: postgres
--

ALTER TABLE ONLY public.auth_user
    ADD CONSTRAINT auth_user_username_key UNIQUE (username);


--
-- Name: django_admin_log django_admin_log_pkey; Type: CONSTRAINT; Schema: public; Owner: postgres
--

ALTER TABLE ONLY public.django_admin_log
    ADD CONSTRAINT django_admin_log_pkey PRIMARY KEY (id);


--
-- Name: django_content_type django_content_type_app_label_model_76bd3d3b_uniq; Type: CONSTRAINT; Schema: public; Owner: postgres
--

ALTER TABLE ONLY public.django_content_type
    ADD CONSTRAINT django_content_type_app_label_model_76bd3d3b_uniq UNIQUE (app_label, model);


--
-- Name: django_content_type django_content_type_pkey; Type: CONSTRAINT; Schema: public; Owner: postgres
--

ALTER TABLE ONLY public.django_content_type
    ADD CONSTRAINT django_content_type_pkey PRIMARY KEY (id);


--
-- Name: django_migrations django_migrations_pkey; Type: CONSTRAINT; Schema: public; Owner: postgres
--

ALTER TABLE ONLY public.django_migrations
    ADD CONSTRAINT django_migrations_pkey PRIMARY KEY (id);


--
-- Name: django_session django_session_pkey; Type: CONSTRAINT; Schema: public; Owner: postgres
--

ALTER TABLE ONLY public.django_session
    ADD CONSTRAINT django_session_pkey PRIMARY KEY (session_key);


--
-- Name: AppConstruction_detaildevis_devis_id_7317060a; Type: INDEX; Schema: public; Owner: postgres
--

CREATE INDEX "AppConstruction_detaildevis_devis_id_7317060a" ON public."AppConstruction_detaildevis" USING btree (devis_id);


--
-- Name: AppConstruction_detaildevis_travaux_id_a6388570; Type: INDEX; Schema: public; Owner: postgres
--

CREATE INDEX "AppConstruction_detaildevis_travaux_id_a6388570" ON public."AppConstruction_detaildevis" USING btree (travaux_id);


--
-- Name: AppConstruction_devis_client_id_93161231; Type: INDEX; Schema: public; Owner: postgres
--

CREATE INDEX "AppConstruction_devis_client_id_93161231" ON public."AppConstruction_devis" USING btree (client_id);


--
-- Name: AppConstruction_devis_finition_id_87810ae1; Type: INDEX; Schema: public; Owner: postgres
--

CREATE INDEX "AppConstruction_devis_finition_id_87810ae1" ON public."AppConstruction_devis" USING btree (finition_id);


--
-- Name: AppConstruction_devis_maison_id_cb82194d; Type: INDEX; Schema: public; Owner: postgres
--

CREATE INDEX "AppConstruction_devis_maison_id_cb82194d" ON public."AppConstruction_devis" USING btree (maison_id);


--
-- Name: AppConstruction_maisontravaux_maison_id_816b7202; Type: INDEX; Schema: public; Owner: postgres
--

CREATE INDEX "AppConstruction_maisontravaux_maison_id_816b7202" ON public."AppConstruction_maisontravaux" USING btree (maison_id);


--
-- Name: AppConstruction_maisontravaux_travaux_id_4cafec55; Type: INDEX; Schema: public; Owner: postgres
--

CREATE INDEX "AppConstruction_maisontravaux_travaux_id_4cafec55" ON public."AppConstruction_maisontravaux" USING btree (travaux_id);


--
-- Name: AppConstruction_paiement_devis_id_d2fd1640; Type: INDEX; Schema: public; Owner: postgres
--

CREATE INDEX "AppConstruction_paiement_devis_id_d2fd1640" ON public."AppConstruction_paiement" USING btree (devis_id);


--
-- Name: auth_group_name_a6ea08ec_like; Type: INDEX; Schema: public; Owner: postgres
--

CREATE INDEX auth_group_name_a6ea08ec_like ON public.auth_group USING btree (name varchar_pattern_ops);


--
-- Name: auth_group_permissions_group_id_b120cbf9; Type: INDEX; Schema: public; Owner: postgres
--

CREATE INDEX auth_group_permissions_group_id_b120cbf9 ON public.auth_group_permissions USING btree (group_id);


--
-- Name: auth_group_permissions_permission_id_84c5c92e; Type: INDEX; Schema: public; Owner: postgres
--

CREATE INDEX auth_group_permissions_permission_id_84c5c92e ON public.auth_group_permissions USING btree (permission_id);


--
-- Name: auth_permission_content_type_id_2f476e4b; Type: INDEX; Schema: public; Owner: postgres
--

CREATE INDEX auth_permission_content_type_id_2f476e4b ON public.auth_permission USING btree (content_type_id);


--
-- Name: auth_user_groups_group_id_97559544; Type: INDEX; Schema: public; Owner: postgres
--

CREATE INDEX auth_user_groups_group_id_97559544 ON public.auth_user_groups USING btree (group_id);


--
-- Name: auth_user_groups_user_id_6a12ed8b; Type: INDEX; Schema: public; Owner: postgres
--

CREATE INDEX auth_user_groups_user_id_6a12ed8b ON public.auth_user_groups USING btree (user_id);


--
-- Name: auth_user_user_permissions_permission_id_1fbb5f2c; Type: INDEX; Schema: public; Owner: postgres
--

CREATE INDEX auth_user_user_permissions_permission_id_1fbb5f2c ON public.auth_user_user_permissions USING btree (permission_id);


--
-- Name: auth_user_user_permissions_user_id_a95ead1b; Type: INDEX; Schema: public; Owner: postgres
--

CREATE INDEX auth_user_user_permissions_user_id_a95ead1b ON public.auth_user_user_permissions USING btree (user_id);


--
-- Name: auth_user_username_6821ab7c_like; Type: INDEX; Schema: public; Owner: postgres
--

CREATE INDEX auth_user_username_6821ab7c_like ON public.auth_user USING btree (username varchar_pattern_ops);


--
-- Name: django_admin_log_content_type_id_c4bce8eb; Type: INDEX; Schema: public; Owner: postgres
--

CREATE INDEX django_admin_log_content_type_id_c4bce8eb ON public.django_admin_log USING btree (content_type_id);


--
-- Name: django_admin_log_user_id_c564eba6; Type: INDEX; Schema: public; Owner: postgres
--

CREATE INDEX django_admin_log_user_id_c564eba6 ON public.django_admin_log USING btree (user_id);


--
-- Name: django_session_expire_date_a5c62663; Type: INDEX; Schema: public; Owner: postgres
--

CREATE INDEX django_session_expire_date_a5c62663 ON public.django_session USING btree (expire_date);


--
-- Name: django_session_session_key_c0390e0f_like; Type: INDEX; Schema: public; Owner: postgres
--

CREATE INDEX django_session_session_key_c0390e0f_like ON public.django_session USING btree (session_key varchar_pattern_ops);


--
-- Name: AppConstruction_detaildevis AppConstruction_deta_devis_id_7317060a_fk_AppConstr; Type: FK CONSTRAINT; Schema: public; Owner: postgres
--

ALTER TABLE ONLY public."AppConstruction_detaildevis"
    ADD CONSTRAINT "AppConstruction_deta_devis_id_7317060a_fk_AppConstr" FOREIGN KEY (devis_id) REFERENCES public."AppConstruction_devis"(id) DEFERRABLE INITIALLY DEFERRED;


--
-- Name: AppConstruction_detaildevis AppConstruction_deta_travaux_id_a6388570_fk_AppConstr; Type: FK CONSTRAINT; Schema: public; Owner: postgres
--

ALTER TABLE ONLY public."AppConstruction_detaildevis"
    ADD CONSTRAINT "AppConstruction_deta_travaux_id_a6388570_fk_AppConstr" FOREIGN KEY (travaux_id) REFERENCES public."AppConstruction_travaux"(id) DEFERRABLE INITIALLY DEFERRED;


--
-- Name: AppConstruction_devis AppConstruction_devi_client_id_93161231_fk_AppConstr; Type: FK CONSTRAINT; Schema: public; Owner: postgres
--

ALTER TABLE ONLY public."AppConstruction_devis"
    ADD CONSTRAINT "AppConstruction_devi_client_id_93161231_fk_AppConstr" FOREIGN KEY (client_id) REFERENCES public."AppConstruction_client"(id) DEFERRABLE INITIALLY DEFERRED;


--
-- Name: AppConstruction_devis AppConstruction_devi_finition_id_87810ae1_fk_AppConstr; Type: FK CONSTRAINT; Schema: public; Owner: postgres
--

ALTER TABLE ONLY public."AppConstruction_devis"
    ADD CONSTRAINT "AppConstruction_devi_finition_id_87810ae1_fk_AppConstr" FOREIGN KEY (finition_id) REFERENCES public."AppConstruction_finition"(id) DEFERRABLE INITIALLY DEFERRED;


--
-- Name: AppConstruction_devis AppConstruction_devi_maison_id_cb82194d_fk_AppConstr; Type: FK CONSTRAINT; Schema: public; Owner: postgres
--

ALTER TABLE ONLY public."AppConstruction_devis"
    ADD CONSTRAINT "AppConstruction_devi_maison_id_cb82194d_fk_AppConstr" FOREIGN KEY (maison_id) REFERENCES public."AppConstruction_maison"(id) DEFERRABLE INITIALLY DEFERRED;


--
-- Name: AppConstruction_maisontravaux AppConstruction_mais_maison_id_816b7202_fk_AppConstr; Type: FK CONSTRAINT; Schema: public; Owner: postgres
--

ALTER TABLE ONLY public."AppConstruction_maisontravaux"
    ADD CONSTRAINT "AppConstruction_mais_maison_id_816b7202_fk_AppConstr" FOREIGN KEY (maison_id) REFERENCES public."AppConstruction_maison"(id) DEFERRABLE INITIALLY DEFERRED;


--
-- Name: AppConstruction_maisontravaux AppConstruction_mais_travaux_id_4cafec55_fk_AppConstr; Type: FK CONSTRAINT; Schema: public; Owner: postgres
--

ALTER TABLE ONLY public."AppConstruction_maisontravaux"
    ADD CONSTRAINT "AppConstruction_mais_travaux_id_4cafec55_fk_AppConstr" FOREIGN KEY (travaux_id) REFERENCES public."AppConstruction_travaux"(id) DEFERRABLE INITIALLY DEFERRED;


--
-- Name: AppConstruction_paiement AppConstruction_paie_devis_id_d2fd1640_fk_AppConstr; Type: FK CONSTRAINT; Schema: public; Owner: postgres
--

ALTER TABLE ONLY public."AppConstruction_paiement"
    ADD CONSTRAINT "AppConstruction_paie_devis_id_d2fd1640_fk_AppConstr" FOREIGN KEY (devis_id) REFERENCES public."AppConstruction_devis"(id) DEFERRABLE INITIALLY DEFERRED;


--
-- Name: auth_group_permissions auth_group_permissio_permission_id_84c5c92e_fk_auth_perm; Type: FK CONSTRAINT; Schema: public; Owner: postgres
--

ALTER TABLE ONLY public.auth_group_permissions
    ADD CONSTRAINT auth_group_permissio_permission_id_84c5c92e_fk_auth_perm FOREIGN KEY (permission_id) REFERENCES public.auth_permission(id) DEFERRABLE INITIALLY DEFERRED;


--
-- Name: auth_group_permissions auth_group_permissions_group_id_b120cbf9_fk_auth_group_id; Type: FK CONSTRAINT; Schema: public; Owner: postgres
--

ALTER TABLE ONLY public.auth_group_permissions
    ADD CONSTRAINT auth_group_permissions_group_id_b120cbf9_fk_auth_group_id FOREIGN KEY (group_id) REFERENCES public.auth_group(id) DEFERRABLE INITIALLY DEFERRED;


--
-- Name: auth_permission auth_permission_content_type_id_2f476e4b_fk_django_co; Type: FK CONSTRAINT; Schema: public; Owner: postgres
--

ALTER TABLE ONLY public.auth_permission
    ADD CONSTRAINT auth_permission_content_type_id_2f476e4b_fk_django_co FOREIGN KEY (content_type_id) REFERENCES public.django_content_type(id) DEFERRABLE INITIALLY DEFERRED;


--
-- Name: auth_user_groups auth_user_groups_group_id_97559544_fk_auth_group_id; Type: FK CONSTRAINT; Schema: public; Owner: postgres
--

ALTER TABLE ONLY public.auth_user_groups
    ADD CONSTRAINT auth_user_groups_group_id_97559544_fk_auth_group_id FOREIGN KEY (group_id) REFERENCES public.auth_group(id) DEFERRABLE INITIALLY DEFERRED;


--
-- Name: auth_user_groups auth_user_groups_user_id_6a12ed8b_fk_auth_user_id; Type: FK CONSTRAINT; Schema: public; Owner: postgres
--

ALTER TABLE ONLY public.auth_user_groups
    ADD CONSTRAINT auth_user_groups_user_id_6a12ed8b_fk_auth_user_id FOREIGN KEY (user_id) REFERENCES public.auth_user(id) DEFERRABLE INITIALLY DEFERRED;


--
-- Name: auth_user_user_permissions auth_user_user_permi_permission_id_1fbb5f2c_fk_auth_perm; Type: FK CONSTRAINT; Schema: public; Owner: postgres
--

ALTER TABLE ONLY public.auth_user_user_permissions
    ADD CONSTRAINT auth_user_user_permi_permission_id_1fbb5f2c_fk_auth_perm FOREIGN KEY (permission_id) REFERENCES public.auth_permission(id) DEFERRABLE INITIALLY DEFERRED;


--
-- Name: auth_user_user_permissions auth_user_user_permissions_user_id_a95ead1b_fk_auth_user_id; Type: FK CONSTRAINT; Schema: public; Owner: postgres
--

ALTER TABLE ONLY public.auth_user_user_permissions
    ADD CONSTRAINT auth_user_user_permissions_user_id_a95ead1b_fk_auth_user_id FOREIGN KEY (user_id) REFERENCES public.auth_user(id) DEFERRABLE INITIALLY DEFERRED;


--
-- Name: django_admin_log django_admin_log_content_type_id_c4bce8eb_fk_django_co; Type: FK CONSTRAINT; Schema: public; Owner: postgres
--

ALTER TABLE ONLY public.django_admin_log
    ADD CONSTRAINT django_admin_log_content_type_id_c4bce8eb_fk_django_co FOREIGN KEY (content_type_id) REFERENCES public.django_content_type(id) DEFERRABLE INITIALLY DEFERRED;


--
-- Name: django_admin_log django_admin_log_user_id_c564eba6_fk_auth_user_id; Type: FK CONSTRAINT; Schema: public; Owner: postgres
--

ALTER TABLE ONLY public.django_admin_log
    ADD CONSTRAINT django_admin_log_user_id_c564eba6_fk_auth_user_id FOREIGN KEY (user_id) REFERENCES public.auth_user(id) DEFERRABLE INITIALLY DEFERRED;


--
-- PostgreSQL database dump complete
--

